Location,Sovereign state with capital,Flag
https://upload.wikimedia.org/wikipedia/commons/1/19/Afghanistan_%28orthographic_projection%29.svg,Afghanistan (capital : Kabul),https://upload.wikimedia.org/wikipedia/commons/9/9a/Flag_of_Afghanistan.svg
https://upload.wikimedia.org/wikipedia/commons/d/d5/Albania_%28orthographic_projection%29.svg,Albania (capital : Tirana),https://upload.wikimedia.org/wikipedia/commons/3/36/Flag_of_Albania.svg
https://upload.wikimedia.org/wikipedia/commons/2/25/Algeria_%28orthographic_projection%29.svg,Algeria (capital : Algiers),https://upload.wikimedia.org/wikipedia/commons/7/77/Flag_of_Algeria.svg
https://upload.wikimedia.org/wikipedia/commons/1/12/Location_Andorra_Europe.png,Andorra (capital : Andorra la Vella),https://upload.wikimedia.org/wikipedia/commons/1/19/Flag_of_Andorra.svg
https://upload.wikimedia.org/wikipedia/commons/c/ca/Location_Angola_AU_Africa.svg,Angola (capital : Luanda),https://upload.wikimedia.org/wikipedia/commons/9/9d/Flag_of_Angola.svg
https://upload.wikimedia.org/wikipedia/commons/2/21/ATG_orthographic.svg,Antigua and Barbuda (capital : St. John's),https://upload.wikimedia.org/wikipedia/commons/8/89/Flag_of_Antigua_and_Barbuda.svg
https://upload.wikimedia.org/wikipedia/commons/e/ec/Argentina_orthogonal.svg,Argentina (capital : Buenos Aires),https://upload.wikimedia.org/wikipedia/commons/1/1a/Flag_of_Argentina.svg
https://upload.wikimedia.org/wikipedia/commons/9/96/Armenia_%28orthographic_projection%29.svg,Armenia (capital : Yerevan),https://upload.wikimedia.org/wikipedia/commons/2/2f/Flag_of_Armenia.svg
https://upload.wikimedia.org/wikipedia/commons/d/da/Australia_with_AAT_%28orthographic_projection%29.svg,Australia (capital : Canberra),https://upload.wikimedia.org/wikipedia/commons/8/88/Flag_of_Australia_%28converted%29.svg
https://upload.wikimedia.org/wikipedia/commons/9/9d/EU-Austria.svg,Austria (capital : Vienna),https://upload.wikimedia.org/wikipedia/commons/4/41/Flag_of_Austria.svg
https://upload.wikimedia.org/wikipedia/commons/2/2d/Azerbaijan_with_Nagorno_Karabakh_region.svg,Azerbaijan (capital : Baku),https://upload.wikimedia.org/wikipedia/commons/d/dd/Flag_of_Azerbaijan.svg
https://upload.wikimedia.org/wikipedia/commons/d/de/The_Bahamas_on_the_globe_%28Americas_centered%29.svg,The Bahamas (capital : Nassau),https://upload.wikimedia.org/wikipedia/commons/9/93/Flag_of_the_Bahamas.svg
https://upload.wikimedia.org/wikipedia/commons/6/62/Bahrain_on_the_globe_%28Afro-Eurasia_centered%29.svg,Bahrain (capital : Manama),https://upload.wikimedia.org/wikipedia/commons/2/2c/Flag_of_Bahrain.svg
https://upload.wikimedia.org/wikipedia/commons/f/f2/Bangladesh_%28orthographic_projection%29.svg,Bangladesh (capital : Dhaka),https://upload.wikimedia.org/wikipedia/commons/f/f9/Flag_of_Bangladesh.svg
https://upload.wikimedia.org/wikipedia/commons/a/a1/BRB_orthographic.svg,Barbados (capital : Bridgetown),https://upload.wikimedia.org/wikipedia/commons/e/ef/Flag_of_Barbados.svg
https://upload.wikimedia.org/wikipedia/commons/7/70/Europe-Belarus_%28orthographic_projection%29.svg,Belarus (capital : Minsk),https://upload.wikimedia.org/wikipedia/commons/8/85/Flag_of_Belarus.svg
https://upload.wikimedia.org/wikipedia/commons/6/67/EU-Belgium.svg,Belgium (capital : Brussels),https://upload.wikimedia.org/wikipedia/commons/6/65/Flag_of_Belgium.svg
https://upload.wikimedia.org/wikipedia/commons/4/43/BLZ_orthographic.svg,Belize (capital : Belmopan),https://upload.wikimedia.org/wikipedia/commons/e/e7/Flag_of_Belize.svg
https://upload.wikimedia.org/wikipedia/commons/b/b6/Location_Benin_AU_Africa.svg,Benin (capital : Porto-Novo),https://upload.wikimedia.org/wikipedia/commons/0/0a/Flag_of_Benin.svg
https://upload.wikimedia.org/wikipedia/commons/c/ce/Bhutan_%28orthographic_projection%29.svg,Bhutan (capital : Thimphu),https://upload.wikimedia.org/wikipedia/commons/9/91/Flag_of_Bhutan.svg
https://upload.wikimedia.org/wikipedia/commons/8/83/BOL_orthographic.svg,Bolivia (capital : Sucre (constitutional) / La Paz (de facto)),https://upload.wikimedia.org/wikipedia/commons/d/de/Flag_of_Bolivia_%28state%29.svg
https://upload.wikimedia.org/wikipedia/commons/9/94/Europe-Bosnia_and_Herzegovina.svg,Bosnia and Herzegovina (capital : Sarajevo),https://upload.wikimedia.org/wikipedia/commons/b/bf/Flag_of_Bosnia_and_Herzegovina.svg
https://upload.wikimedia.org/wikipedia/commons/a/a8/Location_Botswana_AU_Africa.svg,Botswana (capital : Gaborone),https://upload.wikimedia.org/wikipedia/commons/f/fa/Flag_of_Botswana.svg
https://upload.wikimedia.org/wikipedia/commons/b/bc/BRA_orthographic.svg,Brazil (capital : Brasilia),https://upload.wikimedia.org/wikipedia/en/0/05/Flag_of_Brazil.svg
https://upload.wikimedia.org/wikipedia/commons/8/84/Location_Brunei_ASEAN.svg,Brunei (capital : Bandar Seri Begawan),https://upload.wikimedia.org/wikipedia/commons/9/9c/Flag_of_Brunei.svg
https://upload.wikimedia.org/wikipedia/commons/e/e9/EU-Bulgaria.svg,Bulgaria (capital : Sofia),https://upload.wikimedia.org/wikipedia/commons/9/9a/Flag_of_Bulgaria.svg
https://upload.wikimedia.org/wikipedia/commons/3/35/Location_Burkina_Faso_AU_Africa.svg,Burkina Faso (capital : Ouagadougou),https://upload.wikimedia.org/wikipedia/commons/3/31/Flag_of_Burkina_Faso.svg
https://upload.wikimedia.org/wikipedia/commons/4/43/Location_Burundi_AU_Africa.svg,Burundi (capital : Bujumbura),https://upload.wikimedia.org/wikipedia/commons/5/50/Flag_of_Burundi.svg
https://upload.wikimedia.org/wikipedia/commons/8/83/Flag_of_Cambodia.svg,Cambodia (capital : Phnom Penh),https://upload.wikimedia.org/wikipedia/commons/8/83/Flag_of_Cambodia.svg
https://upload.wikimedia.org/wikipedia/commons/4/42/Location_Cameroon_AU_Africa.svg,Cameroon (capital : Yaounde),https://upload.wikimedia.org/wikipedia/commons/4/4f/Flag_of_Cameroon.svg
https://upload.wikimedia.org/wikipedia/commons/6/67/CAN_orthographic.svg,Canada (capital : Ottawa),https://upload.wikimedia.org/wikipedia/commons/d/d9/Flag_of_Canada_%28Pantone%29.svg
https://upload.wikimedia.org/wikipedia/commons/d/d8/Location_Cape_Verde_AU_Africa.svg,Cape Verde (capital : Praia),https://upload.wikimedia.org/wikipedia/commons/3/38/Flag_of_Cape_Verde.svg
https://upload.wikimedia.org/wikipedia/commons/f/f0/Location_Central_African_Republic_AU_Africa.svg,Central African Republic (capital : Bangui),https://upload.wikimedia.org/wikipedia/commons/6/6f/Flag_of_the_Central_African_Republic.svg
https://upload.wikimedia.org/wikipedia/commons/e/ec/Location_Chad_AU_Africa.svg,Chad (capital : N'Djamena),https://upload.wikimedia.org/wikipedia/commons/4/4b/Flag_of_Chad.svg
https://upload.wikimedia.org/wikipedia/commons/c/cc/CHL_orthographic_%28%2Ball_claims%29.svg,Chile (capital : Santiago),https://upload.wikimedia.org/wikipedia/commons/7/78/Flag_of_Chile.svg
https://upload.wikimedia.org/wikipedia/commons/7/78/People%27s_Republic_of_China_%28orthographic_projection%29.svg,China (capital : Beijing),https://upload.wikimedia.org/wikipedia/commons/f/fa/Flag_of_the_People%27s_Republic_of_China.svg
https://upload.wikimedia.org/wikipedia/commons/c/ca/COL_orthographic_%28San_Andr%C3%A9s_and_Providencia_special%29.svg,Colombia (capital : Bogota),https://upload.wikimedia.org/wikipedia/commons/2/21/Flag_of_Colombia.svg
https://upload.wikimedia.org/wikipedia/commons/2/25/Location_Comoros_AU_Africa.svg,Comoros (capital : Moroni),https://upload.wikimedia.org/wikipedia/commons/9/94/Flag_of_the_Comoros.svg
https://upload.wikimedia.org/wikipedia/commons/d/d6/Democratic_Republic_of_the_Congo_%28orthographic_projection%29.svg,Democratic Republic of the Congo (capital : Kinshasa),https://upload.wikimedia.org/wikipedia/commons/6/6f/Flag_of_the_Democratic_Republic_of_the_Congo.svg
https://upload.wikimedia.org/wikipedia/commons/b/ba/Location_Republic_of_the_Congo_AU_Africa.svg,Republic of the Congo (capital : Brazzaville),https://upload.wikimedia.org/wikipedia/commons/b/ba/Location_Republic_of_the_Congo_AU_Africa.svg
https://upload.wikimedia.org/wikipedia/commons/8/89/CRI_orthographic.svg,Costa Rica (capital : San Jose),https://upload.wikimedia.org/wikipedia/commons/b/bc/Flag_of_Costa_Rica_%28state%29.svg
https://upload.wikimedia.org/wikipedia/commons/1/15/EU-Croatia.svg,Croatia (capital : Zagreb),https://upload.wikimedia.org/wikipedia/commons/1/1b/Flag_of_Croatia.svg
https://upload.wikimedia.org/wikipedia/commons/1/16/CUB_orthographic.svg,Cuba (capital : Havana),https://upload.wikimedia.org/wikipedia/commons/b/bd/Flag_of_Cuba.svg
https://upload.wikimedia.org/wikipedia/commons/4/4f/EU-Cyprus.svg,Cyprus (capital : Nicosia),https://upload.wikimedia.org/wikipedia/commons/d/d4/Flag_of_Cyprus.svg
https://upload.wikimedia.org/wikipedia/commons/3/31/EU-Czech_Republic.svg,Czech Republic (capital : Prague),https://upload.wikimedia.org/wikipedia/commons/c/cb/Flag_of_the_Czech_Republic.svg
https://upload.wikimedia.org/wikipedia/commons/1/10/Kingdom_of_Denmark_%28orthographic_projection%29.svg,Denmark (capital : Copenhagen),https://upload.wikimedia.org/wikipedia/commons/9/9c/Flag_of_Denmark.svg
https://upload.wikimedia.org/wikipedia/commons/5/53/Location_Djibouti_AU_Africa.svg,Djibouti (capital : Djibouti),https://upload.wikimedia.org/wikipedia/commons/3/34/Flag_of_Djibouti.svg
https://upload.wikimedia.org/wikipedia/commons/7/78/Dominica_on_the_globe_%28Americas_centered%29.svg,Dominica (capital : Roseau),https://upload.wikimedia.org/wikipedia/commons/c/c4/Flag_of_Dominica.svg
https://upload.wikimedia.org/wikipedia/commons/9/95/Dominican_Republic_%28orthographic_projection%29.svg,Dominican Republic (capital : Santo Domingo),https://upload.wikimedia.org/wikipedia/commons/9/9f/Flag_of_the_Dominican_Republic.svg
https://upload.wikimedia.org/wikipedia/commons/b/bc/Timor_Leste_%28orthographic_projection%29.svg,East Timor (capital : Dili),https://upload.wikimedia.org/wikipedia/commons/2/26/Flag_of_East_Timor.svg
https://upload.wikimedia.org/wikipedia/commons/e/e3/ECU_orthographic.svg,Ecuador (capital : Quito),https://upload.wikimedia.org/wikipedia/commons/e/e8/Flag_of_Ecuador.svg
https://upload.wikimedia.org/wikipedia/commons/a/a1/EGY_orthographic.svg,Egypt (capital : Cairo),https://upload.wikimedia.org/wikipedia/commons/f/fe/Flag_of_Egypt.svg
https://upload.wikimedia.org/wikipedia/commons/e/e3/El_Salvador_%28orthographic_projection%29.svg,El Salvador (capital : San Salvador),https://upload.wikimedia.org/wikipedia/commons/3/34/Flag_of_El_Salvador.svg
https://upload.wikimedia.org/wikipedia/commons/e/e2/Location_Equatorial_Guinea_AU_Africa.svg,Equatorial Guinea (capital : Malabo),https://upload.wikimedia.org/wikipedia/commons/3/31/Flag_of_Equatorial_Guinea.svg
https://upload.wikimedia.org/wikipedia/commons/9/9f/Location_Eritrea_AU_Africa.svg,Eritrea (capital : Asmara),https://upload.wikimedia.org/wikipedia/commons/2/29/Flag_of_Eritrea.svg
https://upload.wikimedia.org/wikipedia/commons/a/a2/EU-Estonia.svg,Estonia (capital : Tallinn),https://upload.wikimedia.org/wikipedia/commons/8/8f/Flag_of_Estonia.svg
https://upload.wikimedia.org/wikipedia/commons/2/2a/Location_Swaziland_AU_Africa.svg,eSwatini or Swaziland (capital : Mbabane (executive) Lobamba (legislative)),https://upload.wikimedia.org/wikipedia/commons/1/1e/Flag_of_Swaziland.svg
https://upload.wikimedia.org/wikipedia/commons/d/dd/Ethiopia_%28Africa_orthographic_projection%29.svg,Ethiopia (capital : Addis Ababa),https://upload.wikimedia.org/wikipedia/commons/7/71/Flag_of_Ethiopia.svg
https://upload.wikimedia.org/wikipedia/commons/f/fa/Fiji_%28orthographic_projection%29.svg,Fiji (capital : Suva),https://upload.wikimedia.org/wikipedia/commons/b/ba/Flag_of_Fiji.svg
https://upload.wikimedia.org/wikipedia/commons/0/07/EU-Finland_%28orthographic_projection%29.svg,Finland (capital : Helsinki),https://upload.wikimedia.org/wikipedia/commons/b/bc/Flag_of_Finland.svg
https://upload.wikimedia.org/wikipedia/commons/a/a4/EU-France_%28orthographic_projection%29.svg,France (capital : Paris),https://upload.wikimedia.org/wikipedia/en/c/c3/Flag_of_France.svg
https://upload.wikimedia.org/wikipedia/commons/9/9c/Location_Gabon_AU_Africa.svg,Gabon (capital : Libreville),https://upload.wikimedia.org/wikipedia/commons/0/04/Flag_of_Gabon.svg
https://upload.wikimedia.org/wikipedia/commons/1/16/Gambia_%28orthographic_projection_with_inset%29.svg,The Gambia (capital : Banjul),https://upload.wikimedia.org/wikipedia/commons/7/77/Flag_of_The_Gambia.svg
https://upload.wikimedia.org/wikipedia/commons/6/67/Georgia_%28orthographic_projection_with_inset%29.svg,Georgia (capital : Tbilisi),https://upload.wikimedia.org/wikipedia/commons/0/0f/Flag_of_Georgia.svg
https://upload.wikimedia.org/wikipedia/commons/a/af/EU-Germany_%28orthographic_projection%29.svg,Germany (capital : Berlin),https://upload.wikimedia.org/wikipedia/en/b/ba/Flag_of_Germany.svg
https://upload.wikimedia.org/wikipedia/commons/3/30/Ghana_%28orthographic_projection%29.svg,Gana (capital : Accra),https://upload.wikimedia.org/wikipedia/commons/1/19/Flag_of_Ghana.svg
https://upload.wikimedia.org/wikipedia/commons/2/21/EU-Greece.svg,Greece (capital : Athens),https://upload.wikimedia.org/wikipedia/commons/5/5c/Flag_of_Greece.svg
https://upload.wikimedia.org/wikipedia/commons/5/53/Grenada_in_its_region.svg,Grenada (capital : St. George's),https://upload.wikimedia.org/wikipedia/commons/b/bc/Flag_of_Grenada.svg
https://upload.wikimedia.org/wikipedia/commons/7/70/Guatemala_%28orthographic_projection%29.svg,Guatemala (capital : Guatemala City),https://upload.wikimedia.org/wikipedia/commons/e/ec/Flag_of_Guatemala.svg
https://upload.wikimedia.org/wikipedia/commons/0/04/Location_Guinea_AU_Africa.svg,Guinea (capital : Conakry),https://upload.wikimedia.org/wikipedia/commons/e/ed/Flag_of_Guinea.svg
https://upload.wikimedia.org/wikipedia/commons/f/fe/Location_Guinea_Bissau_AU_Africa.svg,Guinea-Bissau (capital : Bissau),https://upload.wikimedia.org/wikipedia/commons/0/01/Flag_of_Guinea-Bissau.svg
https://upload.wikimedia.org/wikipedia/commons/2/21/GUY_orthographic.svg,Guyana (capital : Georgetown),https://upload.wikimedia.org/wikipedia/commons/9/99/Flag_of_Guyana.svg
https://upload.wikimedia.org/wikipedia/commons/f/fe/Haiti_%28orthographic_projection%29.svg,Haiti (capital : Port-au-Prince),https://upload.wikimedia.org/wikipedia/commons/5/56/Flag_of_Haiti.svg
https://upload.wikimedia.org/wikipedia/commons/0/0c/HND_orthographic.svg,Honduras (capital : Tegucigalpa),https://upload.wikimedia.org/wikipedia/commons/8/82/Flag_of_Honduras.svg
https://upload.wikimedia.org/wikipedia/commons/6/60/EU-Hungary.svg,Hungary (capital : Budapest),https://upload.wikimedia.org/wikipedia/commons/c/c1/Flag_of_Hungary.svg
https://upload.wikimedia.org/wikipedia/commons/7/7a/Iceland_%28orthographic_projection%29.svg,Iceland (capital : Reykjavík),https://upload.wikimedia.org/wikipedia/commons/c/ce/Flag_of_Iceland.svg
https://upload.wikimedia.org/wikipedia/commons/b/bb/India_%28orthographic_projection%29.svg,India (capital : New Delhi),https://upload.wikimedia.org/wikipedia/en/4/41/Flag_of_India.svg
https://upload.wikimedia.org/wikipedia/commons/0/05/Indonesia_%28orthographic_projection%29.svg,Indonesia (capital : Jakarta),https://upload.wikimedia.org/wikipedia/commons/9/9f/Flag_of_Indonesia.svg
https://upload.wikimedia.org/wikipedia/commons/a/a8/Iran_%28orthographic_projection%29.svg,Iran (capital : Tehran),https://upload.wikimedia.org/wikipedia/commons/c/ca/Flag_of_Iran.svg
https://upload.wikimedia.org/wikipedia/commons/5/59/Iraq_%28orthographic_projection%29.svg,Iraq (capital : Baghdad),https://upload.wikimedia.org/wikipedia/commons/f/f6/Flag_of_Iraq.svg
https://upload.wikimedia.org/wikipedia/commons/2/2a/EU-Ireland.svg,Ireland (capital : Dublin),https://upload.wikimedia.org/wikipedia/commons/4/45/Flag_of_Ireland.svg
https://upload.wikimedia.org/wikipedia/commons/4/47/ISR_orthographic.svg,Israel (capital : Jerusalem),https://upload.wikimedia.org/wikipedia/commons/d/d4/Flag_of_Israel.svg
https://upload.wikimedia.org/wikipedia/commons/c/cd/EU-Italy_%28orthographic_projection%29.svg,Italy (capital : Rome),https://upload.wikimedia.org/wikipedia/en/0/03/Flag_of_Italy.svg
https://upload.wikimedia.org/wikipedia/commons/f/fe/Flag_of_C%C3%B4te_d%27Ivoire.svg,Ivory Coast (capital : Yamoussoukro (political) Abidjan (economic)),https://upload.wikimedia.org/wikipedia/commons/9/9b/C%C3%B4te_d%27Ivoire_%28orthographic_projection%29.svg
https://upload.wikimedia.org/wikipedia/commons/e/eb/Jamaica_%28orthographic_projection%29.svg,Jamaica (capital : Kingston),https://upload.wikimedia.org/wikipedia/commons/0/0a/Flag_of_Jamaica.svg
https://upload.wikimedia.org/wikipedia/commons/6/62/Japan_%28orthographic_projection%29.svg,Japan (capital : Tokyo),https://upload.wikimedia.org/wikipedia/en/9/9e/Flag_of_Japan.svg
https://upload.wikimedia.org/wikipedia/commons/b/b2/Jordan_%28orthographic_projection%29.svg,Jordan (capital : Amman),https://upload.wikimedia.org/wikipedia/commons/c/c0/Flag_of_Jordan.svg
https://upload.wikimedia.org/wikipedia/commons/3/3e/Kazakhstan_%28orthographic_projection%29.svg,Kazakhstan (capital : Astana),https://upload.wikimedia.org/wikipedia/commons/d/d3/Flag_of_Kazakhstan.svg
https://upload.wikimedia.org/wikipedia/commons/1/16/Location_Kenya_AU_Africa.svg,Kenya (capital : Nairobi),https://upload.wikimedia.org/wikipedia/commons/4/49/Flag_of_Kenya.svg
https://upload.wikimedia.org/wikipedia/commons/d/d9/Kiribati_on_the_globe_%28Polynesia_centered%29.svg,Kiribati (capital : Tarawa),https://upload.wikimedia.org/wikipedia/commons/d/d3/Flag_of_Kiribati.svg
https://upload.wikimedia.org/wikipedia/commons/b/b2/Democratic_People%27s_Republic_of_Korea_%28orthographic_projection%29.svg,North Korea (capital : Pyongyang),https://upload.wikimedia.org/wikipedia/commons/5/51/Flag_of_North_Korea.svg
https://upload.wikimedia.org/wikipedia/commons/c/c7/KOR_orthographic.svg,South Korea (capital : Seoul),https://upload.wikimedia.org/wikipedia/commons/0/09/Flag_of_South_Korea.svg
https://upload.wikimedia.org/wikipedia/commons/4/41/KWT_orthographic.svg,Kuwait (capital : Kuwait City),https://upload.wikimedia.org/wikipedia/commons/a/aa/Flag_of_Kuwait.svg
https://upload.wikimedia.org/wikipedia/commons/7/7c/Kyrgyzstan_%28orthographic_projection%29.svg,Kyrgyzstan (capital : Bishkek),https://upload.wikimedia.org/wikipedia/commons/c/c4/Flag_of_Kyrgyzstan_%28official_standards%29.png
https://upload.wikimedia.org/wikipedia/commons/a/ac/Location_Laos_ASEAN.svg,Laos (capital : Vientiane),https://upload.wikimedia.org/wikipedia/commons/5/56/Flag_of_Laos.svg
https://upload.wikimedia.org/wikipedia/commons/3/32/EU-Latvia.svg,Latvia (capital : Riga),https://upload.wikimedia.org/wikipedia/commons/8/84/Flag_of_Latvia.svg
https://upload.wikimedia.org/wikipedia/commons/9/96/Lebanon_%28orthographic_projection%29.svg,Lebanon (capital : Beirut),https://upload.wikimedia.org/wikipedia/commons/5/59/Flag_of_Lebanon.svg
https://upload.wikimedia.org/wikipedia/commons/d/d2/Location_Lesotho_AU_Africa.svg,Lesotho (capital : Maseru),https://upload.wikimedia.org/wikipedia/commons/4/4a/Flag_of_Lesotho.svg
https://upload.wikimedia.org/wikipedia/commons/6/6f/Location_Liberia_AU_Africa.svg,Liberia (capital : Monrovia),https://upload.wikimedia.org/wikipedia/commons/b/b8/Flag_of_Liberia.svg
https://upload.wikimedia.org/wikipedia/commons/a/a9/Libya_%28Libya_centered%3B_orthographic_projection%29.svg,Libya (capital : Tripoli),https://upload.wikimedia.org/wikipedia/commons/0/05/Flag_of_Libya.svg
https://upload.wikimedia.org/wikipedia/commons/2/23/Europe-Liechtenstein.svg,Liechtenstein (capital : Vaduz),https://upload.wikimedia.org/wikipedia/commons/4/47/Flag_of_Liechtenstein.svg
https://upload.wikimedia.org/wikipedia/commons/e/ec/EU-Lithuania.svg,Lithuania (capital : Vilnius),https://upload.wikimedia.org/wikipedia/commons/1/11/Flag_of_Lithuania.svg
https://upload.wikimedia.org/wikipedia/commons/c/c3/EU-Luxembourg.svg,Luxembourg (capital : Luxembourg City),https://upload.wikimedia.org/wikipedia/commons/d/da/Flag_of_Luxembourg.svg
https://upload.wikimedia.org/wikipedia/commons/3/34/Republic_of_Macedonia_%28orthographic_projection%29.svg,Macedonia (capital : Skopje),https://upload.wikimedia.org/wikipedia/commons/f/f8/Flag_of_Macedonia.svg
https://upload.wikimedia.org/wikipedia/commons/4/41/Location_Madagascar_AU_Africa.svg,Madagascar (capital : Antananarivo),https://upload.wikimedia.org/wikipedia/commons/b/bc/Flag_of_Madagascar.svg
https://upload.wikimedia.org/wikipedia/commons/2/2e/Malawi_on_the_globe_%28Zambia_centered%29.svg,Malawi (capital : Lilongwe),https://upload.wikimedia.org/wikipedia/commons/d/d1/Flag_of_Malawi.svg
https://upload.wikimedia.org/wikipedia/commons/a/a9/Location_Malaysia_ASEAN.svg,Malaysia (capital : Kuala Lumpur),https://upload.wikimedia.org/wikipedia/commons/6/66/Flag_of_Malaysia.svg
https://upload.wikimedia.org/wikipedia/commons/4/4b/Maldives_%28orthographic_projection%29.svg,Maldives (capital : Malé),https://upload.wikimedia.org/wikipedia/commons/0/0f/Flag_of_Maldives.svg
https://upload.wikimedia.org/wikipedia/commons/8/8b/Mali_%28orthographic_projection%29.svg,Mali (capital : Bamako),https://upload.wikimedia.org/wikipedia/commons/9/92/Flag_of_Mali.svg
https://upload.wikimedia.org/wikipedia/commons/6/63/EU-Malta.svg,Malta (capital : Valletta),https://upload.wikimedia.org/wikipedia/commons/7/73/Flag_of_Malta.svg
https://upload.wikimedia.org/wikipedia/commons/1/18/Marshall_Islands_on_the_globe_%28small_islands_magnified%29_%28Polynesia_centered%29.svg,Marshall Islands (capital : Majuro),https://upload.wikimedia.org/wikipedia/commons/2/2e/Flag_of_the_Marshall_Islands.svg
https://upload.wikimedia.org/wikipedia/commons/4/4a/Location_Mauritania_AU_Africa.svg,Mauritania (capital : Nouakchott),https://upload.wikimedia.org/wikipedia/commons/4/43/Flag_of_Mauritania.svg
https://upload.wikimedia.org/wikipedia/commons/5/59/Mauritius_%28%2Bclaim_islands%29.svg,Mauritius (capital : Port Louis),https://upload.wikimedia.org/wikipedia/commons/7/77/Flag_of_Mauritius.svg
https://upload.wikimedia.org/wikipedia/commons/0/06/MEX_orthographic.svg,Mexico (capital : Mexico City),https://upload.wikimedia.org/wikipedia/commons/f/fc/Flag_of_Mexico.svg
https://upload.wikimedia.org/wikipedia/commons/c/c6/Micronesia_on_the_globe_%28small_islands_magnified%29_%28Polynesia_centered%29.svg,Federated States of Micronesia (capital : Palikir),https://upload.wikimedia.org/wikipedia/commons/e/e4/Flag_of_the_Federated_States_of_Micronesia.svg
https://upload.wikimedia.org/wikipedia/commons/f/fe/Location_Moldova_Europe.png,Moldova (capital : Chisinau),https://upload.wikimedia.org/wikipedia/commons/2/27/Flag_of_Moldova.svg
https://upload.wikimedia.org/wikipedia/commons/f/f5/Location_Monaco_Europe.png,Monaco (capital : Monaco),https://upload.wikimedia.org/wikipedia/commons/e/ea/Flag_of_Monaco.svg
https://upload.wikimedia.org/wikipedia/commons/f/f3/Mongolia_%28orthographic_projection%29.svg,Mongolia (capital : Ulaanbaatar),https://upload.wikimedia.org/wikipedia/commons/4/4c/Flag_of_Mongolia.svg
https://upload.wikimedia.org/wikipedia/commons/b/b0/Europe-Montenegro.svg,Montenegro (capital : Podgorica),https://upload.wikimedia.org/wikipedia/commons/6/64/Flag_of_Montenegro.svg
https://upload.wikimedia.org/wikipedia/commons/7/78/Morocco_%28orthographic_projection%2C_WS_claimed%29.svg,Morocco (capital : Rabat),https://upload.wikimedia.org/wikipedia/commons/2/2c/Flag_of_Morocco.svg
https://upload.wikimedia.org/wikipedia/commons/3/32/Location_Mozambique_AU_Africa.svg,Mozambique (capital :  Maputo),https://upload.wikimedia.org/wikipedia/commons/d/d0/Flag_of_Mozambique.svg
https://upload.wikimedia.org/wikipedia/commons/b/b8/Location_Burma_%28Myanmar%29_ASEAN.svg,Myanmar (capital : Naypyidaw (Nay Pyi Taw)),https://upload.wikimedia.org/wikipedia/commons/8/8c/Flag_of_Myanmar.svg
https://upload.wikimedia.org/wikipedia/commons/6/67/Location_Namibia_AU_Africa.svg,Namibia (capital : Windhoek),https://upload.wikimedia.org/wikipedia/commons/0/00/Flag_of_Namibia.svg
https://upload.wikimedia.org/wikipedia/commons/2/25/Nauru_on_the_globe_%28Polynesia_centered%29.svg,Nauru (capital : Yaren),https://upload.wikimedia.org/wikipedia/commons/3/30/Flag_of_Nauru.svg
https://upload.wikimedia.org/wikipedia/commons/d/d4/Nepal_%28orthographic_projection%29.svg,Nepal (capital : Kathmandu),https://upload.wikimedia.org/wikipedia/commons/9/9b/Flag_of_Nepal.svg
https://upload.wikimedia.org/wikipedia/commons/4/41/Kingdom_of_the_Netherlands_%28orthographic_projection%29.svg,Netherlands (capital : Amsterdam),https://upload.wikimedia.org/wikipedia/commons/2/20/Flag_of_the_Netherlands.svg
https://upload.wikimedia.org/wikipedia/commons/2/29/NZL_orthographic_NaturalEarth.svg,New Zealand (capital : Wellington),https://upload.wikimedia.org/wikipedia/commons/3/3e/Flag_of_New_Zealand.svg
https://upload.wikimedia.org/wikipedia/commons/3/34/NIC_orthographic.svg,Nicaragua (capital : Managua),https://upload.wikimedia.org/wikipedia/commons/1/19/Flag_of_Nicaragua.svg
https://upload.wikimedia.org/wikipedia/commons/8/88/Niger_%28orthographic_projection%29.svg,Niger (capital : Niamey),https://upload.wikimedia.org/wikipedia/commons/f/f4/Flag_of_Niger.svg
https://upload.wikimedia.org/wikipedia/commons/4/4e/Nigeria_%28orthographic_projection%29.svg,Nigeria (capital : Abuja),https://upload.wikimedia.org/wikipedia/commons/7/79/Flag_of_Nigeria.svg
https://upload.wikimedia.org/wikipedia/commons/c/cb/Europe-Norway_%28orthographic_projection%29.svg,Norway (capital : Oslo),https://upload.wikimedia.org/wikipedia/commons/d/d9/Flag_of_Norway.svg
https://upload.wikimedia.org/wikipedia/commons/f/fb/Oman_on_the_globe_%28Afro-Eurasia_centered%29.svg,Oman (capital : Muscat),https://upload.wikimedia.org/wikipedia/commons/d/dd/Flag_of_Oman.svg
https://upload.wikimedia.org/wikipedia/commons/b/b6/Pakistan_%28orthographic_projection%29.svg,Pakistan (capital : Islamabad),https://upload.wikimedia.org/wikipedia/commons/3/32/Flag_of_Pakistan.svg
https://upload.wikimedia.org/wikipedia/commons/thumb/5/57/Palau_on_the_globe_%28Southeast_Asia_centered%29_%28small_islands_magnified%29.svg/800px-Palau_on_the_globe_%28Southeast_Asia_centered%29_%28small_islands_magnified%29.svg.png,Palau (capital : Ngerulmud),https://upload.wikimedia.org/wikipedia/commons/4/48/Flag_of_Palau.svg
https://upload.wikimedia.org/wikipedia/commons/a/ad/State_of_Palestine_%28orthographic_projection%29.svg,Palestine (capital : East Jerusalem (Disputed)),https://upload.wikimedia.org/wikipedia/commons/0/00/Flag_of_Palestine.svg
https://upload.wikimedia.org/wikipedia/commons/3/39/PAN_orthographic.svg,Panama (capital : Panama City),https://upload.wikimedia.org/wikipedia/commons/a/ab/Flag_of_Panama.svg
https://upload.wikimedia.org/wikipedia/commons/7/79/Papua_New_Guinea_%28orthographic_projection%29.svg,Papua New Guinea (capital : Port Moresby),https://upload.wikimedia.org/wikipedia/commons/e/e3/Flag_of_Papua_New_Guinea.svg
https://upload.wikimedia.org/wikipedia/commons/4/4c/PRY_orthographic.svg,Paraguay (capital : Asunción),https://upload.wikimedia.org/wikipedia/commons/2/27/Flag_of_Paraguay.svg
https://upload.wikimedia.org/wikipedia/commons/0/07/PER_orthographic.svg,Peru (capital : Lima),https://upload.wikimedia.org/wikipedia/commons/d/df/Flag_of_Peru_%28state%29.svg
https://upload.wikimedia.org/wikipedia/commons/6/6d/PHL_orthographic.svg,Philippines (capital : Manila),https://upload.wikimedia.org/wikipedia/commons/9/99/Flag_of_the_Philippines.svg
https://upload.wikimedia.org/wikipedia/commons/5/57/EU-Poland_%28orthographic_projection%29.svg,Poland (capital : Warsaw),https://upload.wikimedia.org/wikipedia/en/1/12/Flag_of_Poland.svg
https://upload.wikimedia.org/wikipedia/commons/3/39/EU-Portugal_olivenza_neutral.svg,Portugal (capital : Lisbon),https://upload.wikimedia.org/wikipedia/commons/5/5c/Flag_of_Portugal.svg
https://upload.wikimedia.org/wikipedia/commons/d/d4/QAT_orthographic.svg,Qatar (capital : Doha),https://upload.wikimedia.org/wikipedia/commons/6/65/Flag_of_Qatar.svg
https://upload.wikimedia.org/wikipedia/commons/c/c5/EU-Romania_%28orthographic_projection%29.svg,Romania (capital : Bucharest),https://upload.wikimedia.org/wikipedia/commons/7/73/Flag_of_Romania.svg
https://upload.wikimedia.org/wikipedia/commons/5/5e/Russian_Federation_%28orthographic_projection%29_-_only_Crimea_disputed.svg,Russia (capital : Moscow),https://upload.wikimedia.org/wikipedia/en/f/f3/Flag_of_Russia.svg
https://upload.wikimedia.org/wikipedia/commons/6/60/Location_Rwanda_AU_Africa.svg,Rwanda (capital : Kigali),https://upload.wikimedia.org/wikipedia/commons/1/17/Flag_of_Rwanda.svg
https://upload.wikimedia.org/wikipedia/commons/5/5d/KNA_orthographic.svg,Saint Kitts and Nevis (capital : Basseterre),https://upload.wikimedia.org/wikipedia/commons/f/fe/Flag_of_Saint_Kitts_and_Nevis.svg
https://upload.wikimedia.org/wikipedia/commons/9/97/Saint_Lucia_on_the_globe_%28Americas_centered%29.svg,Saint Lucia (capital : Castries),https://upload.wikimedia.org/wikipedia/commons/9/9f/Flag_of_Saint_Lucia.svg
https://upload.wikimedia.org/wikipedia/commons/7/73/Saint_Vincent_and_the_Grenadines_-_Location_Map_%282013%29_-_VCT_-_UNOCHA.svg,Saint Vincent and the Grenadines (capital : Kingstown),https://upload.wikimedia.org/wikipedia/commons/6/6d/Flag_of_Saint_Vincent_and_the_Grenadines.svg
https://upload.wikimedia.org/wikipedia/commons/7/74/Samoa_on_the_globe_%28Polynesia_centered%29.svg,Samoa (capital : Apia),https://upload.wikimedia.org/wikipedia/commons/3/31/Flag_of_Samoa.svg
https://upload.wikimedia.org/wikipedia/commons/7/79/Location_San_Marino_Europe.png,San Marino (capital : San Marino),https://upload.wikimedia.org/wikipedia/commons/b/b1/Flag_of_San_Marino.svg
https://upload.wikimedia.org/wikipedia/commons/3/35/Location_S%C3%A3o_Tom%C3%A9_and_Pr%C3%ADncipe_AU_Africa.svg,Sao Tome and Principe (capital : Sao Tome),https://upload.wikimedia.org/wikipedia/commons/4/4f/Flag_of_Sao_Tome_and_Principe.svg
https://upload.wikimedia.org/wikipedia/commons/4/47/Saudi_Arabia_%28orthographic_projection%29.svg,Saudi Arabia (capital : Riyadh),https://upload.wikimedia.org/wikipedia/commons/0/0d/Flag_of_Saudi_Arabia.svg
https://upload.wikimedia.org/wikipedia/commons/3/33/Location_Senegal_AU_Africa.svg,Senegal (capital : Dakar),https://upload.wikimedia.org/wikipedia/commons/f/fd/Flag_of_Senegal.svg
https://upload.wikimedia.org/wikipedia/commons/b/ba/Location_Serbia_Europe.png,Serbia (capital : Belgrade),https://upload.wikimedia.org/wikipedia/commons/f/ff/Flag_of_Serbia.svg
https://upload.wikimedia.org/wikipedia/commons/b/bd/Location_Seychelles_AU_Africa.svg,Seychelles (capital : Victoria),https://upload.wikimedia.org/wikipedia/commons/f/fc/Flag_of_Seychelles.svg
https://upload.wikimedia.org/wikipedia/commons/4/4f/Location_Sierra_Leone_AU_Africa.svg,Sierra Leone (capital : Freetown),https://upload.wikimedia.org/wikipedia/commons/1/17/Flag_of_Sierra_Leone.svg
https://upload.wikimedia.org/wikipedia/commons/5/51/Singapore_in_its_region_%28zoom%29.svg,Singapore (capital : Singapore),https://upload.wikimedia.org/wikipedia/commons/4/48/Flag_of_Singapore.svg
https://upload.wikimedia.org/wikipedia/commons/1/1d/EU-Slovakia.svg,Slovakia (capital : Bratislava),https://upload.wikimedia.org/wikipedia/commons/e/e6/Flag_of_Slovakia.svg
https://upload.wikimedia.org/wikipedia/commons/8/84/EU-Slovenia.svg,Slovenia (capital : Ljubljana),https://upload.wikimedia.org/wikipedia/commons/f/f0/Flag_of_Slovenia.svg
https://upload.wikimedia.org/wikipedia/commons/8/8a/Solomon_Islands_on_the_globe_%28Oceania_centered%29.svg,Solomon Islands (capital : Honiara),https://upload.wikimedia.org/wikipedia/commons/7/74/Flag_of_the_Solomon_Islands.svg
https://upload.wikimedia.org/wikipedia/commons/4/4c/Somalia_%28orthographic_projection%29.svg,Somalia (capital : Mogadishu),https://upload.wikimedia.org/wikipedia/commons/a/a0/Flag_of_Somalia.svg
https://upload.wikimedia.org/wikipedia/commons/8/85/Location_South_Africa_AU_Africa.svg,"South Africa (capital : Pretoria (executive), Bloemfontein (judicial), Cape Town (legislative))",https://upload.wikimedia.org/wikipedia/commons/a/af/Flag_of_South_Africa.svg
https://upload.wikimedia.org/wikipedia/commons/b/b1/Location_South_Sudan_AU_Africa.svg,South Sudan (capital : Juba),https://upload.wikimedia.org/wikipedia/commons/7/7a/Flag_of_South_Sudan.svg
https://upload.wikimedia.org/wikipedia/commons/c/ca/EU-Spain_%28orthographic_projection%29.svg,Spain (capital : Madrid),https://upload.wikimedia.org/wikipedia/en/9/9a/Flag_of_Spain.svg
https://upload.wikimedia.org/wikipedia/commons/9/96/Sri_Lanka_%28orthographic_projection%29.svg,"Sri Lanka (capital : Sri Jayawardenepura Kotte (Administrative), Colombo (Commercial))",https://upload.wikimedia.org/wikipedia/commons/1/11/Flag_of_Sri_Lanka.svg
https://upload.wikimedia.org/wikipedia/commons/f/f8/Sudan_%28orthographic_projection%29_highlighted.svg,Sudan (capital : Khartoum),https://upload.wikimedia.org/wikipedia/commons/0/01/Flag_of_Sudan.svg
https://upload.wikimedia.org/wikipedia/commons/7/72/SUR_orthographic.svg,Suriname (capital : Paramaribo),https://upload.wikimedia.org/wikipedia/commons/6/60/Flag_of_Suriname.svg
https://upload.wikimedia.org/wikipedia/commons/c/c2/EU-Sweden_%28orthographic_projection%29.svg,Sweden (capital : Stockholm),https://upload.wikimedia.org/wikipedia/en/4/4c/Flag_of_Sweden.svg
https://upload.wikimedia.org/wikipedia/commons/6/61/Europe-Switzerland.svg,Switzerland (capital : Bern),https://upload.wikimedia.org/wikipedia/commons/0/08/Flag_of_Switzerland_%28Pantone%29.svg
https://upload.wikimedia.org/wikipedia/commons/5/53/Syria_%28orthographic_projection%29_uncontrolled_highlighted.svg,Syria (capital : Damascus),https://upload.wikimedia.org/wikipedia/commons/5/53/Flag_of_Syria.svg
https://upload.wikimedia.org/wikipedia/commons/a/a1/Tajikistan_%28orthographic_projection%29.svg,Tajikistan (capital : Dushanbe),https://upload.wikimedia.org/wikipedia/commons/d/d0/Flag_of_Tajikistan.svg
https://upload.wikimedia.org/wikipedia/commons/3/3f/Tanzania_%28orthographic_projection%29.svg,Tanzania (capital : Dodoma),https://upload.wikimedia.org/wikipedia/commons/3/38/Flag_of_Tanzania.svg
https://upload.wikimedia.org/wikipedia/commons/b/b8/Location_Thailand_ASEAN.svg,Thailand (capital : Bangkok),https://upload.wikimedia.org/wikipedia/commons/a/a9/Flag_of_Thailand.svg
https://upload.wikimedia.org/wikipedia/commons/1/1b/Location_Togo_AU_Africa.svg,Togo (capital : Lomé),https://upload.wikimedia.org/wikipedia/commons/6/68/Flag_of_Togo.svg
https://upload.wikimedia.org/wikipedia/commons/c/ce/Tonga_on_the_globe_%28Polynesia_centered%29.svg,Tonga (capital : Nukuʻalofa),https://upload.wikimedia.org/wikipedia/commons/9/9a/Flag_of_Tonga.svg
https://upload.wikimedia.org/wikipedia/commons/e/ed/Trinidad_and_Tobago_%28orthographic_projection%29.svg,Trinidad and Tobago (capital : Port of Spain),https://upload.wikimedia.org/wikipedia/commons/6/64/Flag_of_Trinidad_and_Tobago.svg
https://upload.wikimedia.org/wikipedia/commons/7/7c/Location_Tunisia_AU_Africa.svg,Tunisia (capital : Tunis),https://upload.wikimedia.org/wikipedia/commons/c/ce/Flag_of_Tunisia.svg
https://upload.wikimedia.org/wikipedia/commons/d/dd/Turkey_%28orthographic_projection%29.svg,Turkey (capital : Ankara),https://upload.wikimedia.org/wikipedia/commons/b/b4/Flag_of_Turkey.svg
https://upload.wikimedia.org/wikipedia/commons/5/59/Turkmenistan_on_the_globe_%28Eurasia_centered%29.svg,Turkmenistan (capital : Ashgabat),https://upload.wikimedia.org/wikipedia/commons/1/1b/Flag_of_Turkmenistan.svg
https://upload.wikimedia.org/wikipedia/commons/2/2b/Tuvalu_on_the_globe_%28Polynesia_centered%29.svg,Tuvalu (capital : Funafuti),https://upload.wikimedia.org/wikipedia/commons/3/38/Flag_of_Tuvalu.svg
https://upload.wikimedia.org/wikipedia/commons/e/e5/Location_Uganda_AU_Africa.svg,Uganda (capital : Kampala),https://upload.wikimedia.org/wikipedia/commons/4/4e/Flag_of_Uganda.svg
https://upload.wikimedia.org/wikipedia/commons/7/76/Europe-Ukraine_%28orthographic_projection%3B_disputed_territory%29.svg,Ukraine (capital : Kiev),https://upload.wikimedia.org/wikipedia/commons/4/49/Flag_of_Ukraine.svg
https://upload.wikimedia.org/wikipedia/commons/c/cd/United_Arab_Emirates_%28orthographic_projection%29.svg,United Arab Emirates (capital : Abu Dhabi),https://upload.wikimedia.org/wikipedia/commons/c/cb/Flag_of_the_United_Arab_Emirates.svg
https://upload.wikimedia.org/wikipedia/commons/0/0a/EU-United_Kingdom_%28orthographic_projection%29.svg,United Kingdom (capital : London),https://upload.wikimedia.org/wikipedia/en/a/ae/Flag_of_the_United_Kingdom.svg
https://upload.wikimedia.org/wikipedia/commons/d/dc/USA_orthographic.svg,"United States (capital : Washington, D.C.)",https://upload.wikimedia.org/wikipedia/en/a/a4/Flag_of_the_United_States.svg
https://upload.wikimedia.org/wikipedia/commons/4/43/URY_orthographic.svg,Uruguay (capital : Montevideo),https://upload.wikimedia.org/wikipedia/commons/f/fe/Flag_of_Uruguay.svg
https://upload.wikimedia.org/wikipedia/commons/5/54/UZB_orthographic.svg,Uzbekistan (capital : Tashkent),https://upload.wikimedia.org/wikipedia/commons/8/84/Flag_of_Uzbekistan.svg
https://upload.wikimedia.org/wikipedia/commons/d/d9/Vanuatu_on_the_globe_%28Polynesia_centered%29.svg,Vanuatu (capital : Port Vila),https://upload.wikimedia.org/wikipedia/commons/6/6e/Flag_of_Vanuatu_%28official%29.svg
https://upload.wikimedia.org/wikipedia/commons/8/89/Location_of_the_Vatican_City_in_Europe.svg,Vatican City (capital : Vatican City (city-state)),https://upload.wikimedia.org/wikipedia/commons/0/00/Flag_of_the_Vatican_City.svg
https://upload.wikimedia.org/wikipedia/commons/0/05/Venezuela_Orthographic_Map.svg,Venezuela (capital : Caracas),https://upload.wikimedia.org/wikipedia/commons/7/7b/Flag_of_Venezuela_%28state%29.svg
https://upload.wikimedia.org/wikipedia/commons/d/d6/Location_Vietnam_ASEAN.svg,Vietnam (capital : Hanoi),https://upload.wikimedia.org/wikipedia/commons/2/21/Flag_of_Vietnam.svg
https://upload.wikimedia.org/wikipedia/commons/f/f1/Yemen_%28orthographic_projection%29.svg,Yemen (capital : Sana'a),https://upload.wikimedia.org/wikipedia/commons/8/89/Flag_of_Yemen.svg
https://upload.wikimedia.org/wikipedia/commons/2/26/Zambia_%28orthographic_projection%29.svg,Zambia (capital : Lusaka),https://upload.wikimedia.org/wikipedia/commons/0/06/Flag_of_Zambia.svg
https://upload.wikimedia.org/wikipedia/commons/a/a1/Location_Zimbabwe_AU_Africa.svg,Zimbabwe (capital : Harare),https://upload.wikimedia.org/wikipedia/commons/6/6a/Flag_of_Zimbabwe.svg
